run,scenario,operations,batch_avg_ns,throughput_per_sec,sample_median_ns,sample_p99_ns,sample_p999_ns,sample_max_ns,checksum
1,core_pre_resolved_instrument,60000,52.25,19139977,100,200,300,14400,16435168435000393696
1,core_plus_routing,60000,50.87,19659884,100,200,300,3700,16435168435000393696
1,dispatcher,60000,119.15,8392547,100,200,400,3300,16435168435000393696
1,dispatcher_monitor,60000,168.91,5920371,200,300,400,6900,16435168435000393696
1,dispatcher_async_logger,60000,644.95,1550508,400,2100,67900,667200,16435168435000393696
1,dispatcher_async_journal,60000,370.42,2699638,1500,4000,140200,1371300,16435168435000393696
1,full_v2,60000,3976.93,251450,2700,6500,235900,2019600,16435168435000393696
2,core_pre_resolved_instrument,60000,50.99,19611689,100,200,300,3000,16435168435000393696
2,core_plus_routing,60000,48.26,20720378,100,200,300,5200,16435168435000393696
2,dispatcher,60000,120.82,8277004,100,300,400,14700,16435168435000393696
2,dispatcher_monitor,60000,163.14,6129579,200,300,500,39800,16435168435000393696
2,dispatcher_async_logger,60000,634.82,1575241,400,1900,53900,470800,16435168435000393696
2,dispatcher_async_journal,60000,382.01,2617744,300,1200,16700,206500,16435168435000393696
2,full_v2,60000,832.79,1200788,600,2200,60600,488000,16435168435000393696
3,core_pre_resolved_instrument,60000,47.05,21254738,100,200,500,3900,16435168435000393696
3,core_plus_routing,60000,50.87,19657308,100,200,600,26600,16435168435000393696
3,dispatcher,60000,118.53,8436801,100,300,700,25500,16435168435000393696
3,dispatcher_monitor,60000,179.73,5563850,200,300,500,12800,16435168435000393696
3,dispatcher_async_logger,60000,608.04,1644624,400,2000,55600,475900,16435168435000393696
3,dispatcher_async_journal,60000,388.33,2575152,300,1200,17100,220700,16435168435000393696
3,full_v2,60000,937.64,1066506,2900,22500,385400,2122200,16435168435000393696
4,core_pre_resolved_instrument,60000,94.46,10586492,100,200,300,7300,16435168435000393696
4,core_plus_routing,60000,48.91,20446413,100,200,300,5800,16435168435000393696
4,dispatcher,60000,126.03,7934409,100,300,400,12200,16435168435000393696
4,dispatcher_monitor,60000,170.04,5881027,200,300,400,8000,16435168435000393696
4,dispatcher_async_logger,60000,622.32,1606899,300,1700,53600,487900,16435168435000393696
4,dispatcher_async_journal,60000,374.47,2670453,1500,4000,98400,874700,16435168435000393696
4,full_v2,60000,4121.70,242618,2800,9700,316900,2180900,16435168435000393696
5,core_pre_resolved_instrument,60000,56.24,17781993,100,200,200,3800,16435168435000393696
5,core_plus_routing,60000,48.43,20649069,100,200,200,2900,16435168435000393696
5,dispatcher,60000,124.42,8037078,100,200,300,3300,16435168435000393696
5,dispatcher_monitor,60000,168.43,5937126,200,300,400,8100,16435168435000393696
5,dispatcher_async_logger,60000,553.85,1805554,400,1900,54500,442500,16435168435000393696
5,dispatcher_async_journal,60000,355.64,2811832,300,2100,20600,307700,16435168435000393696
5,full_v2,60000,4234.44,236159,2900,7300,249700,1437400,16435168435000393696
