process_run,scenario,operations_per_repetition,internal_repetitions,min_ns_per_order,median_ns_per_order,max_ns_per_order
1,same_price_existing_level,100000,7,34.543,42.202,47.216
1,multiple_existing_levels,100000,7,34.854,39.936,47.630
1,new_price_level,10000,7,74.320,79.730,85.550
1,immediate_match,100000,7,38.977,41.362,46.059
1,four_level_sweep,10000,7,160.450,184.970,216.960
2,same_price_existing_level,100000,7,40.644,44.559,54.920
2,multiple_existing_levels,100000,7,37.360,44.659,92.307
2,new_price_level,10000,7,74.070,87.810,141.270
2,immediate_match,100000,7,41.474,43.838,51.451
2,four_level_sweep,10000,7,197.080,230.370,364.840
3,same_price_existing_level,100000,7,39.248,46.419,67.663
3,multiple_existing_levels,100000,7,39.471,41.039,55.690
3,new_price_level,10000,7,72.670,78.400,81.590
3,immediate_match,100000,7,40.316,45.010,51.887
3,four_level_sweep,10000,7,196.640,219.450,228.750
4,same_price_existing_level,100000,7,39.133,46.782,57.461
4,multiple_existing_levels,100000,7,39.271,45.693,57.972
4,new_price_level,10000,7,73.740,77.700,112.950
4,immediate_match,100000,7,42.142,48.135,57.122
4,four_level_sweep,10000,7,179.770,200.090,277.910
5,same_price_existing_level,100000,7,42.345,43.712,64.963
5,multiple_existing_levels,100000,7,36.037,43.876,48.762
5,new_price_level,10000,7,75.390,80.820,85.570
5,immediate_match,100000,7,40.395,42.659,49.279
5,four_level_sweep,10000,7,166.730,177.960,217.340
