run,core_batch_min_ns_per_order,core_batch_median_ns_per_order,core_batch_max_ns_per_order,cancel_us_per_order,price_level_churn_ns_per_roundtrip,stress_operations_per_second
1,37.578,47.561,56.826,0.032,94.830,6289308
2,47.079,55.655,65.172,0.018,70.060,6410256
3,45.329,53.276,67.385,0.026,75.570,6493506
4,48.403,66.357,102.400,0.027,81.165,6451612
5,44.656,53.890,108.312,0.017,71.330,6493506
6,43.966,48.203,63.109,0.021,81.465,6666666
7,37.699,47.915,57.768,0.018,79.845,6493506
8,43.224,49.042,57.944,0.016,71.895,6451612
9,40.214,50.047,70.618,0.023,74.435,6535947
10,41.109,46.615,64.380,0.044,73.290,6493506
